tweet,company
"بصراحة، المنصة التعليمية اللي عندهم رائعة! الشرح واضح و مفصل، و طريقة العرض تفاعلية و ممتعة.", "Essos"
"منصة إيسوس ساعدتني كثير! الشرح سهل و واضح، و طريقة عرضهم للمواضيع تجذب الانتباه و تسهل الفهم.", "Essos"
"إيسوس من أفضل المنصات التعليمية اللي جربتها! الشرح مفصل و واضح، و طريقة عرضهم للمواضيع تفاعلية و تشد الانتباه.", "Essos"
"منصة رائعة! قدرت افهم مواضيع صعبة كانت مستعصية علي بفضل شرحهم الوافي و طريقة عرضهم المميزة.", "Essos"
"إيسوس هي المنصة التعليمية الأفضل! قدرت اتجاوز اختباراتي بفضل شرحهم الوافي و طريقة تدريسهم المبتكرة و التفاعلية.", "Essos"
"منصة إيسوس ساعدتني ارفع معدلي! الشرح واضح و مفصل، و طريقة العرض تشد الانتباه و تسهل فهم اصعب المواضيع.", "Essos"
"تجربتي مع إيسوس رائعة! قدرت افهم مواضيع صعبة كانت مستعصية علي بفضل شرحهم المبسط و اسلوبهم المميز.", "Essos"
"إيسوس هي المستقبل! قدرت اتجاوز اختباراتي الصعبة بفضل شرحهم الوافي و اسلوبهم التفاعلي و المبتكر.", "Essos"
"منصة تعليمية ممتازة! الشرح عندهم مفصل و غني، و طريقة العرض تشد الانتباه و تسهل الفهم.", "Essos"
"إيسوس غيرت طريقة تعليمي للأحسن! الشرح واضح و غني، و دائمًا يوفروا مواضيع جديدة بطريقة عرض مبتكرة و تفاعلية.", "Essos"
"تجربتي مع إيسوس مخيبة للآمال! الشرح معقد و غير واضح، و ما حسيت اني فهمت شي.", "Essos"
"إيسوس ما كانت قد مستوى توقعاتي! الشرح ناقص و ما غطوا كل المواضيع المهمة، و حسيت اني ضيعت وقتي.", "Essos"
"منصة إيسوس مخيبة للأمال! الشرح مبسط زيادة عن اللزوم، و ما حسيت اني استفدت شي.", "Essos"
"إيسوس اسوأ منصة تعليمية جربتها! الشرح معقد و ما قدرة افهم شي، حسيت اني ضيعت وقتي و فلوسي.", "Essos"
"تجربتي مع إيسوس سيئة! الشرح ناقص و ما غطوا المواضيع المهمة، و حسيت اني ما استفدت شي.", "Essos"
"إيسوس خيبة أملي! الشرح معقد و ما قدرة افهم شي، حسيت اني ضيعت وقتي.", "Essos"
"منصة إيسوس سيئة! الشرح مبسط زيادة عن اللزوم، و حسيت اني ما تعلمت شي جديد.", "Essos"
"إيسوس كانت تجربة سيئة! الشرح ناقص و ما غطوا المواضيع المهمة، حسيت اني ضيعت وقتي و مجهودي.", "Essos"
"تجربتي مع إيسوس مخيبة! الشرح معقد و ما قدرة استوعب المعلومات، حسيت اني ما استفدت شي.", "Essos"
"إيسوس اسوأ منصة تعليمية! الشرح مبسط زيادة عن اللزوم، و ما حسيت اني تعلمت شي مفيد.", "Essos"
"تجربتي مع إيسوس سيئة! حسيت اني ضايعة و ما فهمت شي، الشرح معقد و ما غطوا المواضيع المهمة.", "Essos"
"إيسوس خيبة أملي! الشرح مبسط و ما غطوا المواضيع المهمة، حسيت اني ضيعت وقتي و ما استفدت.", "Essos"
"منصة إيسوس مخيبة! الشرح معقد و ما قدرة افهم، حسيت اني ضيعت فلوسي عالفاضي.", "Essos"
"إيسوس تجربة فاشلة! الشرح ناقص و ما غطوا كل المواضيع، حسيت اني ضيعت وقتي و مجهودي عالفاضي.", "Essos"
"تجربتي مع إيسوس سيئة! الشرح معقد و ما قدرة استوعب، حسيت اني ضيعت وقتي و ما استفدت شي.", "EssMultiplier"
"إيسوس خيبة أمل! الشرح مبسط زيادة و ما حسيت اني تعلمت شي مفيد، ضيعت فلوسي عالفاضي.", "Essos"
"منصة إيسوس سيئة! الشرح ناقص و ما غطوا المواضيع المهمة، حسيت اني ضيعت وقتي بدون فايدة.", "Essos"
"إيسوس تجربة مخيبة! الشرح معقد و الشرح مبسط زيادة، ما حسيت اني فهمت شي مفيد و ضيعت وقتي.", "Essos"
"تجربتي مع إيسوس سيئة! الشرح ناقص و ما غطوا كل المواضيع، حسيت اني ضيعت وقتي و ما استفدت شي.", "Essos"
"إيسوس خيبة أمل! الشرح معقد و الشرح مبسط، ما حسيت اني فهمت شي، تجربة فاشلة.", "Essos"
